Name,Entry Time (s),Exit Time (s),Avg Confidence
Unknown,8.055223226547241,10.812604188919067,0.0
Person A,39.02689599990845,41.76038455963135,0.45
Person A,49.38366198539734,52.14077973365784,0.45
Person B,126.87840247154236,132.41021990776062,0.45
Person C,132.41021990776062,135.1652512550354,0.42
Person D,140.30122590065002,143.0786473751068,0.48
Person B,143.0786473751068,145.88100481033325,0.44
Person E,187.0997440814972,189.86769247055054,0.46
Person A,192.4687864780426,195.24926471710205,0.44
Person E,195.24926471710205,198.01151061058044,0.46
Person A,198.01151061058044,200.76052737236023,0.43
Person E,200.76052737236023,206.28313159942627,0.45
Person A,206.28313159942627,209.0182089805603,0.43
Person B,216.681049823761,219.4192225933075,0.43
Person B,222.0174593925476,232.9814076423645,0.46
Person C,235.53518915176392,241.18984818458557,0.43
