Object,Confidence,Timestamp (s)
person,0.65,0.06
bottle,0.6,0.06
person,0.56,0.06
person,0.65,2.96
person,0.6,2.96
bottle,0.54,2.96
person,0.27,2.96
person,0.65,5.52
person,0.55,5.52
bottle,0.51,5.52
person,0.45,5.52
person,0.66,8.06
bottle,0.57,8.06
person,0.55,8.06
person,0.55,8.06
bottle,0.54,10.81
person,0.43,10.81
person,0.62,13.36
bottle,0.61,13.36
person,0.26,13.36
person,0.82,15.92
bottle,0.56,15.92
person,0.55,15.92
person,0.72,18.51
person,0.84,21.08
person,0.86,23.65
couch,0.41,23.65
laptop,0.38,23.65
laptop,0.34,23.65
person,0.85,26.2
person,0.57,28.76
person,0.79,31.33
person,0.88,33.94
person,0.85,36.5
person,0.35,36.5
person,0.92,39.03
person,0.89,41.76
person,0.82,44.28
person,0.87,46.82
person,0.92,49.38
person,0.88,52.14
person,0.45,54.69
person,0.56,57.25
person,0.34,57.25
person,0.84,59.81
person,0.65,62.36
person,0.74,64.96
person,0.87,67.54
person,0.83,70.14
person,0.55,72.68
person,0.34,72.68
person,0.68,75.22
person,0.67,77.79
person,0.42,77.79
person,0.78,80.35
person,0.33,80.35
person,0.25,80.35
person,0.5,82.99
person,0.76,85.55
laptop,0.26,85.55
person,0.85,88.15
person,0.35,88.15
person,0.67,90.71
bed,0.36,90.71
couch,0.45,93.29
bottle,0.28,93.29
person,0.78,95.89
bed,0.36,95.89
person,0.79,98.45
person,0.39,101.01
person,0.38,101.01
person,0.39,103.59
person,0.28,103.59
person,0.53,106.16
person,0.43,106.16
person,0.47,108.73
person,0.63,111.32
person,0.6,113.92
person,0.53,113.92
person,0.79,116.52
person,0.28,119.1
person,0.62,121.66
bottle,0.54,121.66
person,0.87,124.26
person,0.59,124.26
person,0.93,126.88
person,0.33,126.88
person,0.94,129.64
person,0.47,129.64
person,0.94,132.41
person,0.49,132.41
bottle,0.27,132.41
person,0.86,135.17
person,0.36,135.17
person,0.89,137.73
person,0.73,140.3
person,0.27,140.3
person,0.77,143.08
person,0.43,143.08
bottle,0.29,143.08
person,0.59,145.88
person,0.52,145.88
person,0.3,145.88
bottle,0.52,148.48
person,0.47,148.48
person,0.61,151.06
bottle,0.55,151.06
bottle,0.32,151.06
person,0.74,153.61
bottle,0.45,153.61
person,0.75,156.17
bottle,0.55,156.17
chair,0.28,156.17
person,0.83,158.76
bottle,0.54,158.76
chair,0.4,158.76
bottle,0.34,158.76
person,0.64,161.32
bottle,0.53,161.32
person,0.63,163.91
bottle,0.46,163.91
person,0.54,166.51
bottle,0.31,166.51
person,0.9,169.1
person,0.59,169.1
sink,0.28,169.1
person,0.85,171.69
person,0.63,171.69
sink,0.29,171.69
person,0.83,174.3
person,0.52,174.3
person,0.34,176.87
person,0.65,179.43
person,0.27,179.43
laptop,0.44,182.0
bottle,0.36,182.0
person,0.35,182.0
person,0.51,184.55
bottle,0.28,184.55
person,0.75,187.1
apple,0.57,187.1
person,0.91,189.87
person,0.82,189.87
person,0.25,189.87
person,0.93,192.47
person,0.85,192.47
person,0.86,195.25
person,0.85,198.01
person,0.77,200.76
person,0.85,203.53
bottle,0.47,203.53
sink,0.44,203.53
person,0.86,206.28
bottle,0.4,206.28
sink,0.39,206.28
person,0.48,209.02
person,0.35,209.02
person,0.9,211.57
person,0.77,214.15
person,0.92,216.68
tie,0.44,216.68
tie,0.31,216.68
person,0.7,219.42
cell phone,0.51,219.42
person,0.8,222.02
cell phone,0.74,222.02
person,0.78,224.77
cell phone,0.74,224.77
person,0.79,227.51
cell phone,0.69,227.51
person,0.81,230.25
cell phone,0.74,230.25
person,0.51,238.26
person,0.34,238.26
person,0.33,238.26
person,0.81,241.19
cell phone,0.65,241.19
person,0.81,243.92
cell phone,0.69,243.92
